{"cameraMode":{"drawMode":0,"name":"Shaded","section":"Shading Mode"},"sceneLighting":false,"audioPlay":false,"sceneViewState":{"m_AlwaysRefresh":false,"showFog":true,"showSkybox":false,"showFlares":true,"showImageEffects":true,"showParticleSystems":true,"showVisualEffectGraphs":true,"m_FxEnabled":true},"in2DMode":false,"pivot":{"x":17.707128524780275,"y":1.1763982772827149,"z":-116.81855773925781},"rotation":{"x":0.037972088903188708,"y":0.7982648611068726,"z":-0.05060787871479988,"w":0.5990626215934753},"size":25.590755462646486,"orthographic":false}